{
	"appId": "pl.rezerwacja24.app",
	"appName": "Rezerwacja24",
	"webDir": "out",
	"server": {
		"url": "https://app.rezerwacja24.pl",
		"cleartext": false
	},
	"android": {
		"allowMixedContent": false,
		"captureInput": true,
		"webContentsDebuggingEnabled": false
	},
	"plugins": {
		"SplashScreen": {
			"launchShowDuration": 2000,
			"backgroundColor": "#0a0a0a",
			"showSpinner": false,
			"androidSpinnerStyle": "small",
			"spinnerColor": "#00FF88"
		},
		"StatusBar": {
			"style": "dark",
			"backgroundColor": "#0a0a0a"
		}
	}
}
